{
  "results": [
    {
      "command": "/proj_soc/user_dev/gczajkowski/bin/rg-lto-thin-mold-2.40.2 --no-config --no-ignore function '/proj_soc/user_dev/gczajkowski/chiplet-template'",
      "mean": 5.904916941880001,
      "stddev": 0.12700828584060145,
      "median": 5.91867325468,
      "user": 0.29887823999999996,
      "system": 7.99998638,
      "min": 5.71309493468,
      "max": 6.05045084968,
      "times": [
        5.71309493468,
        5.86719106168,
        6.05045084968,
        5.97517460868,
        5.91867325468
      ],
      "memory_usage_byte": [
        17788928,
        17788928,
        17788928,
        17788928,
        17788928
      ],
      "exit_codes": [
        0,
        0,
        0,
        0,
        0
      ]
    }
  ]
}
